{
  "containerPort": 3000,
  "minNum": 0,
  "maxNum": 10,
  "cpu": 1,
  "mem": 2,
  "policyType": "cpu",
  "policyThreshold": 60,
  "envParams": {
    "NODE_ENV": "production",
    "PORT": "3000",
    "DB_HOST": "10.23.108.29",
    "DB_PORT": "3306",
    "DB_USER": "root",
    "DB_PASSWORD": "Root1234",
    "DB_NAME": "nodejs_demo",
    "DOUBAO_API_KEY": "fa1f920c-a8d1-483e-932f-b9ead6f8492b",
    "DOUBAO_SECRET_KEY": "TW1NeU5ESTJZakl3WkRsaE5EVmhNRGxqTTJZelpqWTNaR015TldOaFpqZw==",
    "DOUBAO_ENDPOINT": "ep-20250731225431-gtq5q",
    "RATE_LIMIT_WINDOW_MS": "900000",
    "RATE_LIMIT_MAX_REQUESTS": "100",
    "LOG_LEVEL": "info"
  },
  "customLogs": "stdout",
  "initialDelaySeconds": 2
} 